folder,inner_folder,average_diff

48-taxon,0.5X-1000-500,143.678752

48-taxon,1X-25-500,3.103822

48-taxon,1X-50-500,3.378168

48-taxon,1X-100-500,5.354406

48-taxon,1X-200-500,9.405997

48-taxon,1X-500-500,29.520843

48-taxon,1X-1000-500,90.994619

48-taxon,2X-1000-500,100.024310

