folder,inner_folder,average_rf

48-taxon,0.5X-1000-500,0.131111

48-taxon,1X-25-500,0.326667

48-taxon,1X-50-500,0.283333

48-taxon,1X-100-500,0.252222

48-taxon,1X-200-500,0.194444

48-taxon,1X-500-500,0.123333

48-taxon,1X-1000-500,0.000000

48-taxon,2X-1000-500,0.043333

