folder,inner_folder,method,average_diff

15-taxon,100gene-100bp,MP,1.460369

15-taxon,100gene-100bp,MV,1.474454

15-taxon,100gene-1000bp,MP,1.200655

15-taxon,100gene-1000bp,MV,1.174607

15-taxon,100gene-true,MP,1.396097

15-taxon,100gene-true,MV,1.500380

15-taxon,1000gene-100bp,MP,115.593560

15-taxon,1000gene-100bp,MV,113.604376

15-taxon,1000gene-1000bp,MP,52.625235

15-taxon,1000gene-1000bp,MV,55.879980

15-taxon,1000gene-true,MP,48.157272

15-taxon,1000gene-true,MV,44.713081

